time,value
1.ccxse,0
1.75390625,182
2.46484375,182
3.1953125,azxc
3.92578125,187
4.69921875,198
5.00.0001,200
6.27734375,204
7.07421875,204
