time,value
1.0
1.75390625,182
2.46484375,182
3.1953125,187
3.92578125,187
4.69921875,198
5.48046875,200
6.27734375,204
7.07421875,204
7.85546875,200
8.6328125,199
9.359375,186
10.078125,184
